{"cameraMode":{"drawMode":0,"name":"Shaded","section":"Shading Mode"},"sceneLighting":false,"audioPlay":false,"sceneViewState":{"m_AlwaysRefresh":false,"showFog":true,"showSkybox":false,"showFlares":true,"showImageEffects":true,"showParticleSystems":true,"showVisualEffectGraphs":true,"m_FxEnabled":true},"in2DMode":false,"pivot":{"x":-77.77153778076172,"y":21.068254470825197,"z":-0.8191969394683838},"rotation":{"x":0.19738544523715974,"y":0.5766112208366394,"z":-0.15071651339530946,"w":0.7790642976760864},"size":4.2664384841918949,"orthographic":false}