{"cameraMode":{"drawMode":0,"name":"Shaded","section":"Shading Mode"},"sceneLighting":true,"audioPlay":false,"sceneViewState":{"m_AlwaysRefresh":false,"showFog":true,"showSkybox":true,"showFlares":true,"showImageEffects":true,"showParticleSystems":true,"showVisualEffectGraphs":true,"m_FxEnabled":true},"in2DMode":false,"pivot":{"x":1060.4434814453125,"y":544.1939086914063,"z":14.621232986450196},"rotation":{"x":0.2570733428001404,"y":-0.05032626911997795,"z":0.006865113973617554,"w":0.9658796787261963},"size":31.4146785736084,"orthographic":false}