{"cameraMode":{"drawMode":0,"name":"Shaded","section":"Shading Mode"},"sceneLighting":true,"audioPlay":false,"sceneViewState":{"m_AlwaysRefresh":false,"showFog":true,"showSkybox":true,"showFlares":true,"showImageEffects":true,"showParticleSystems":true,"showVisualEffectGraphs":true,"m_FxEnabled":true},"in2DMode":false,"pivot":{"x":1217.3629150390625,"y":590.6226196289063,"z":100.44599914550781},"rotation":{"x":-0.22175812721252442,"y":-0.3622731864452362,"z":0.09881152212619782,"w":-0.9011180996894836},"size":101.20060729980469,"orthographic":false}