{"cameraMode":{"drawMode":0,"name":"Shaded","section":"Shading Mode"},"sceneLighting":true,"audioPlay":false,"sceneViewState":{"m_AlwaysRefresh":false,"showFog":true,"showSkybox":true,"showFlares":true,"showImageEffects":true,"showParticleSystems":true,"showVisualEffectGraphs":true,"m_FxEnabled":true},"in2DMode":false,"pivot":{"x":-2.584066390991211,"y":-11.914974212646485,"z":-10.988391876220704},"rotation":{"x":-0.06861245632171631,"y":0.9367706775665283,"z":-0.27325740456581118,"w":-0.21137090027332307},"size":30.013099670410158,"orthographic":false}