{"cameraMode":{"drawMode":0,"name":"Shaded","section":"Shading Mode"},"sceneLighting":true,"audioPlay":false,"sceneViewState":{"m_AlwaysRefresh":false,"showFog":true,"showSkybox":true,"showFlares":true,"showImageEffects":true,"showParticleSystems":true,"showVisualEffectGraphs":true,"m_FxEnabled":true},"in2DMode":false,"pivot":{"x":27.402034759521486,"y":-0.46496784687042239,"z":2.49998140335083},"rotation":{"x":-0.18124210834503175,"y":-0.18676204979419709,"z":0.03880763053894043,"w":-0.9652293920516968},"size":6.5297346115112309,"orthographic":false}