{"cameraMode":{"drawMode":0,"name":"Shaded","section":"Shading Mode"},"sceneLighting":true,"audioPlay":false,"sceneViewState":{"m_AlwaysRefresh":false,"showFog":true,"showSkybox":true,"showFlares":true,"showImageEffects":true,"showParticleSystems":true,"showVisualEffectGraphs":true,"m_FxEnabled":true},"in2DMode":false,"pivot":{"x":77.04136657714844,"y":5.893397331237793,"z":-63.501670837402347},"rotation":{"x":0.006119356490671635,"y":-0.9973940849304199,"z":0.08727026730775833,"w":0.0068580154329538349},"size":91.34757232666016,"orthographic":false}