{"cameraMode":{"drawMode":0,"name":"Shaded","section":"Shading Mode"},"sceneLighting":true,"audioPlay":false,"sceneViewState":{"m_AlwaysRefresh":false,"showFog":true,"showSkybox":true,"showFlares":true,"showImageEffects":true,"showParticleSystems":true,"showVisualEffectGraphs":true,"m_FxEnabled":true},"in2DMode":false,"pivot":{"x":37.65100860595703,"y":3.2784337997436525,"z":36.4643669128418},"rotation":{"x":0.09183281660079956,"y":0.48834988474845889,"z":-0.057380665093660358,"w":0.866782009601593},"size":27.133909225463868,"orthographic":false}