{"cameraMode":{"drawMode":0,"name":"Shaded","section":"Shading Mode"},"sceneLighting":true,"audioPlay":false,"sceneViewState":{"m_AlwaysRefresh":false,"showFog":true,"showSkybox":true,"showFlares":true,"showImageEffects":true,"showParticleSystems":true,"showVisualEffectGraphs":true,"m_FxEnabled":true},"in2DMode":false,"pivot":{"x":-380.30682373046877,"y":116.83661651611328,"z":-164.05471801757813},"rotation":{"x":0.10297171026468277,"y":-0.8177987933158875,"z":0.14718660712242127,"w":0.5493351221084595},"size":119.64583587646485,"orthographic":false}