{"cameraMode":{"drawMode":0,"name":"Shaded","section":"Shading Mode"},"sceneLighting":true,"audioPlay":false,"sceneViewState":{"m_AlwaysRefresh":false,"showFog":true,"showSkybox":true,"showFlares":true,"showImageEffects":true,"showParticleSystems":true,"showVisualEffectGraphs":true,"m_FxEnabled":true},"in2DMode":false,"pivot":{"x":-38.97136688232422,"y":13.872108459472657,"z":23.271486282348634},"rotation":{"x":-0.40736448764801028,"y":0.5983250737190247,"z":-0.49322476983070376,"w":-0.4844660460948944},"size":38.879581451416019,"orthographic":false}