{"cameraMode":{"drawMode":0,"name":"Shaded","section":"Shading Mode"},"sceneLighting":false,"audioPlay":false,"sceneViewState":{"m_AlwaysRefresh":false,"showFog":true,"showSkybox":false,"showFlares":true,"showImageEffects":true,"showParticleSystems":true,"showVisualEffectGraphs":true,"m_FxEnabled":true},"in2DMode":false,"pivot":{"x":36.158939361572269,"y":0.02578917145729065,"z":-1.4290729761123658},"rotation":{"x":0.02024388499557972,"y":0.7688142657279968,"z":-0.02453228272497654,"w":0.6388242840766907},"size":4.83650016784668,"orthographic":false}