{"cameraMode":{"drawMode":0,"name":"Shaded","section":"Shading Mode"},"sceneLighting":false,"audioPlay":false,"sceneViewState":{"m_AlwaysRefresh":false,"showFog":true,"showSkybox":false,"showFlares":true,"showImageEffects":true,"showParticleSystems":true,"showVisualEffectGraphs":true,"m_FxEnabled":true},"in2DMode":false,"pivot":{"x":31.412389755249025,"y":1.1450040340423585,"z":0.002922534942626953},"rotation":{"x":0.1628003716468811,"y":-0.3606884479522705,"z":0.06397797167301178,"w":0.9162369966506958},"size":3.0364997386932375,"orthographic":false}