{"cameraMode":{"drawMode":0,"name":"Shaded","section":"Shading Mode"},"sceneLighting":false,"audioPlay":false,"sceneViewState":{"m_AlwaysRefresh":false,"showFog":true,"showSkybox":false,"showFlares":true,"showImageEffects":true,"showParticleSystems":true,"showVisualEffectGraphs":true,"m_FxEnabled":true},"in2DMode":false,"pivot":{"x":4.990760326385498,"y":0.7990136742591858,"z":28.31756019592285},"rotation":{"x":0.3912596106529236,"y":-0.11192412674427033,"z":0.041514791548252109,"w":0.9138878583908081},"size":1.4566924571990967,"orthographic":false}