{"cameraMode":{"drawMode":0,"name":"Shaded","section":"Shading Mode"},"sceneLighting":false,"audioPlay":false,"sceneViewState":{"m_AlwaysRefresh":false,"showFog":false,"showSkybox":false,"showFlares":false,"showImageEffects":false,"showParticleSystems":false,"showVisualEffectGraphs":true,"m_FxEnabled":true},"in2DMode":false,"pivot":{"x":1006.783935546875,"y":677.7850341796875,"z":-0.3278045654296875},"rotation":{"x":-0.030309000983834268,"y":0.007454294245690107,"z":-0.00036504375748336315,"w":-0.9996880888938904},"size":851.4141845703125,"orthographic":false}