{"cameraMode":{"drawMode":0,"name":"Shaded","section":"Shading Mode"},"sceneLighting":false,"audioPlay":false,"sceneViewState":{"m_AlwaysRefresh":false,"showFog":false,"showSkybox":false,"showFlares":false,"showImageEffects":false,"showParticleSystems":false,"showVisualEffectGraphs":true,"m_FxEnabled":true},"in2DMode":false,"pivot":{"x":950.9213256835938,"y":445.0055847167969,"z":47.27996826171875},"rotation":{"x":-0.030309000983834268,"y":0.007454294245690107,"z":-0.00036504375748336315,"w":-0.9996880888938904},"size":550.8825073242188,"orthographic":false}