{"cameraMode":{"drawMode":0,"name":"Shaded","section":"Shading Mode"},"sceneLighting":false,"audioPlay":false,"sceneViewState":{"m_AlwaysRefresh":false,"showFog":true,"showSkybox":false,"showFlares":true,"showImageEffects":true,"showParticleSystems":true,"showVisualEffectGraphs":true,"m_FxEnabled":true},"in2DMode":false,"pivot":{"x":19.6299991607666,"y":1.0399999618530274,"z":-2.8399999141693117},"rotation":{"x":-0.31333839893341067,"y":0.034073472023010257,"z":-0.008026927709579468,"w":-0.9505336284637451},"size":3.532050609588623,"orthographic":false}