{"cameraMode":{"drawMode":0,"name":"Shaded","section":"Shading Mode"},"sceneLighting":true,"audioPlay":false,"sceneViewState":{"m_AlwaysRefresh":false,"showFog":false,"showSkybox":true,"showFlares":false,"showImageEffects":false,"showParticleSystems":false,"showVisualEffectGraphs":true,"m_FxEnabled":true},"in2DMode":false,"pivot":{"x":10.851083755493164,"y":0.7961575984954834,"z":13.213037490844727},"rotation":{"x":-0.3269977569580078,"y":-0.03728228434920311,"z":0.012514245696365834,"w":-0.9444156289100647},"size":9.106341361999512,"orthographic":false}