{"cameraMode":{"drawMode":0,"name":"Shaded","section":"Shading Mode"},"sceneLighting":true,"audioPlay":false,"sceneViewState":{"m_AlwaysRefresh":false,"showFog":false,"showSkybox":true,"showFlares":false,"showImageEffects":false,"showParticleSystems":false,"showVisualEffectGraphs":true,"m_FxEnabled":true},"in2DMode":false,"pivot":{"x":1269.1109619140625,"y":661.3290405273438,"z":446.6939697265625},"rotation":{"x":0.016809748485684396,"y":-0.008369493298232556,"z":0.0003420916909817606,"w":0.999956488609314},"size":1053.460693359375,"orthographic":false}