{"cameraMode":{"drawMode":0,"name":"Shaded","section":"Shading Mode"},"sceneLighting":true,"audioPlay":false,"sceneViewState":{"m_AlwaysRefresh":false,"showFog":false,"showSkybox":true,"showFlares":false,"showImageEffects":false,"showParticleSystems":false,"showVisualEffectGraphs":true,"m_FxEnabled":true},"in2DMode":false,"pivot":{"x":-12.371267318725586,"y":-10.079314231872559,"z":15.92908763885498},"rotation":{"x":0.22364020347595216,"y":-0.33231043815612795,"z":0.08145339041948319,"w":0.9126807451248169},"size":16.622482299804689,"orthographic":false}