{"cameraMode":{"drawMode":0,"name":"Shaded","section":"Shading Mode"},"sceneLighting":true,"audioPlay":false,"sceneViewState":{"m_AlwaysRefresh":false,"showFog":false,"showSkybox":true,"showFlares":false,"showImageEffects":false,"showParticleSystems":false,"showVisualEffectGraphs":true,"m_FxEnabled":true},"in2DMode":false,"pivot":{"x":79.05361938476563,"y":183.8804168701172,"z":193.1417236328125},"rotation":{"x":-0.05579264461994171,"y":-0.009334614500403405,"z":0.00015159626491367817,"w":-0.9985954165458679},"size":674.3197021484375,"orthographic":false}