{"cameraMode":{"drawMode":0,"name":"Shaded","section":"Shading Mode"},"sceneLighting":true,"audioPlay":false,"sceneViewState":{"m_AlwaysRefresh":false,"showFog":false,"showSkybox":true,"showFlares":false,"showImageEffects":false,"showParticleSystems":false,"showVisualEffectGraphs":true,"m_FxEnabled":true},"in2DMode":false,"pivot":{"x":1389.841552734375,"y":743.859619140625,"z":570.6817626953125},"rotation":{"x":-0.09468182921409607,"y":0.0017505111172795296,"z":-0.00039484945591539145,"w":-0.9956562519073486},"size":1158.5098876953125,"orthographic":false}