{"cameraMode":{"drawMode":0,"name":"Shaded","section":"Shading Mode"},"sceneLighting":true,"audioPlay":false,"sceneViewState":{"m_AlwaysRefresh":false,"showFog":false,"showSkybox":true,"showFlares":false,"showImageEffects":false,"showParticleSystems":false,"showVisualEffectGraphs":true,"m_FxEnabled":true},"in2DMode":false,"pivot":{"x":437.86077880859377,"y":397.4293212890625,"z":-189.20916748046876},"rotation":{"x":-0.1644749641418457,"y":0.03544056415557861,"z":-0.0060920328833162788,"w":-0.9859067797660828},"size":237.69451904296876,"orthographic":false}