{"cameraMode":{"drawMode":0,"name":"Shaded","section":"Shading Mode"},"sceneLighting":true,"audioPlay":false,"sceneViewState":{"m_AlwaysRefresh":false,"showFog":false,"showSkybox":true,"showFlares":false,"showImageEffects":false,"showParticleSystems":false,"showVisualEffectGraphs":true,"m_FxEnabled":true},"in2DMode":false,"pivot":{"x":8.823403358459473,"y":0.13197839260101319,"z":6.2902727127075199},"rotation":{"x":-0.07171819359064102,"y":-0.8556073904037476,"z":0.12295736372470856,"w":-0.49793827533721926},"size":3.314318895339966,"orthographic":false}