{"cameraMode":{"drawMode":0,"name":"Shaded","section":"Shading Mode"},"sceneLighting":true,"audioPlay":false,"sceneViewState":{"m_AlwaysRefresh":false,"showFog":false,"showSkybox":true,"showFlares":false,"showImageEffects":false,"showParticleSystems":false,"showVisualEffectGraphs":true,"m_FxEnabled":true},"in2DMode":false,"pivot":{"x":-156.20582580566407,"y":-58.613616943359378,"z":129.18463134765626},"rotation":{"x":0.13073688745498658,"y":-0.4651018977165222,"z":0.06998196989297867,"w":0.8729609251022339},"size":109.46597290039063,"orthographic":false}