{"cameraMode":{"drawMode":0,"name":"Shaded","section":"Shading Mode"},"sceneLighting":true,"audioPlay":false,"sceneViewState":{"m_AlwaysRefresh":false,"showFog":false,"showSkybox":true,"showFlares":false,"showImageEffects":false,"showParticleSystems":false,"showVisualEffectGraphs":true,"m_FxEnabled":true},"in2DMode":false,"pivot":{"x":8.098782539367676,"y":0.45641279220581057,"z":6.3079376220703129},"rotation":{"x":-0.0707021951675415,"y":-0.04493573307991028,"z":0.0029431465081870558,"w":-0.996650218963623},"size":2.6551320552825929,"orthographic":false}