{"cameraMode":{"drawMode":0,"name":"Shaded","section":"Shading Mode"},"sceneLighting":true,"audioPlay":false,"sceneViewState":{"m_AlwaysRefresh":false,"showFog":false,"showSkybox":true,"showFlares":false,"showImageEffects":false,"showParticleSystems":false,"showVisualEffectGraphs":true,"m_FxEnabled":true},"in2DMode":false,"pivot":{"x":-0.7597160339355469,"y":0.5330872535705566,"z":20.442798614501954},"rotation":{"x":0.09627536684274674,"y":-0.42498475313186648,"z":0.04583077132701874,"w":0.8991089463233948},"size":13.519163131713868,"orthographic":false}