{"cameraMode":{"drawMode":0,"name":"Shaded","section":"Shading Mode"},"sceneLighting":true,"audioPlay":false,"sceneViewState":{"m_AlwaysRefresh":false,"showFog":false,"showSkybox":true,"showFlares":false,"showImageEffects":false,"showParticleSystems":false,"showVisualEffectGraphs":true,"m_FxEnabled":true},"in2DMode":false,"pivot":{"x":1143.7362060546875,"y":486.4598388671875,"z":207.1158447265625},"rotation":{"x":-0.05579264461994171,"y":-0.009334614500403405,"z":0.00015159626491367817,"w":-0.9985954165458679},"size":775.7755126953125,"orthographic":false}